4.051531559160897800e+00,1.353932072136016629e+00
1.322527092696448747e+00,-5.303855069223677443e-01
-6.015907283616368062e+00,-3.851594294803613039e-01
1.024388335446118781e+01,8.873565290907254877e+00
5.992334399665617539e+00,6.896814961702776081e+00
4.955362531213519439e+00,6.341990947797514266e+00
-1.349060597311166898e+00,-9.035134897111950281e+00
7.864726116105522635e+00,7.663807105455459734e+00
4.643511014270917947e+00,-4.032972955225403666e+00
5.185606788034190728e+00,-7.683165809696700377e-01
9.319614801885089506e+00,1.020627488054939214e+01
-1.216489303651266063e+00,-4.790305808362251838e+00
-7.754535751784996656e-02,-5.101441509422251386e+00
3.415773235470790592e+00,2.061150452953408596e-02
2.108730808294155157e+00,-2.583554871272827569e+00
9.793549866400503845e-01,-2.581147457131487410e-01
6.752315453084741570e+00,8.722217896617312505e+00
9.538305675371974601e+00,9.352864379424502772e+00
-2.868528254595915428e+00,-5.035842079617000699e+00
-2.161075537588338591e+00,-4.315162237308678428e+00
7.742699483241326064e+00,6.665257072677878369e+00
4.491595213336977643e+00,1.743414451504574636e+00
6.192252989739349900e+00,-4.031858387970173041e-01
7.286531327827495019e+00,1.704023460880536689e+00
8.592724262164304960e+00,6.014248325104899706e+00
-2.963911542928943987e+00,-4.952442966331619623e+00
5.126602397747577200e+00,8.412695390481641056e+00
5.207101518667181850e+00,1.580284241048541594e+00
-5.566920972993077754e+00,-5.887089640269072888e+00
1.292206349750062433e+00,-6.235721340065280671e+00
4.586002676096864406e+00,1.843243095993414515e+00
6.316489368747403965e+00,8.583035988714973641e+00
5.737351490746538829e+00,-9.387170872013661516e-01
3.354597719305125736e-01,6.492775130914506754e+00
4.107046993567935900e+00,-1.673793451961742562e-01
4.711587797176216341e+00,-5.089403639917300382e+00
-7.662051900456227749e+00,-3.125202429294560602e+00
-4.751510863205763435e+00,-7.806882986157289039e+00
-3.511701302756877308e+00,-2.907771018290013831e+00
5.697272689177143690e+00,7.783064864485767842e+00
3.585310079924025395e+00,1.213733416944100529e+00
3.833202140636212452e+00,-3.165318864617812089e+00
-3.008474882888066748e+00,-5.067661778127650507e+00
-1.935537037977690389e+00,-5.535583761722266516e+00
4.694284705601174501e+00,7.705460136132253446e+00
6.679505444115793056e-01,-5.380469181886136099e+00
3.959007932543002983e+00,-3.673883243628780715e+00
-9.662722886777037612e-01,-7.770267858752875512e+00
1.026835293063044929e+01,8.035817968929322319e+00
2.954788006387894406e+00,6.133859327403722084e+00
4.522415662206666020e+00,6.327068818195948907e+00
-4.950879227725618392e+00,-4.971142711863794084e+00
8.054638540586406492e+00,8.545525660253570521e+00
5.504496318313327308e+00,5.546000221618861303e+00
-6.002849767761288646e+00,-4.140566778605287546e+00
2.955562922548681470e+00,-8.116555215672914159e+00
5.377742225255759401e+00,7.083389587347770799e+00
-3.418661061813761837e+00,-8.834919636164316969e+00
9.806220440497519064e+00,7.078481459451180235e+00
8.412339911871907105e+00,1.059875435671455790e+01
5.498328266456526059e+00,9.099841099068630257e+00
-7.459136622347988244e-01,-4.342248932408493189e+00
-3.375230863510444657e+00,-1.788523294999210922e+00
8.643155478703761219e+00,1.018966705365747139e+01
6.268243268666561008e+00,8.113004035778418555e+00
5.206055079698963084e+00,-6.837372660693660231e-01
5.075439437894784689e+00,8.059766862865370030e+00
5.137586225038790033e+00,-8.817240912920203399e-01
3.863242877582289125e+00,1.159294392056654033e+01
3.703315924346540555e+00,1.574184022326408083e-01
3.132676622174731751e+00,1.407127201264832594e+00
1.120089746196997638e+00,2.236138005936258555e+00
-6.178251150005122483e+00,-4.558320487314391656e+00
3.761179582698827240e+00,-1.994569230866344745e+00
8.379231152168813423e+00,5.340300508455610995e+00
4.335483645973933875e+00,2.000089257268043319e+00
9.752257526966911172e+00,8.724629968474054920e+00
6.987512794540151617e+00,8.826985258480949170e+00
1.063171024224321570e+01,9.815524449083712355e+00
3.833652623898094802e+00,3.628091594062460068e+00
2.743133699197835451e+00,-3.626118527373372036e-01
4.127023110575890996e+00,6.601136379323355730e-01
-3.356756407504453144e+00,-3.369331570062125358e+00
1.166460327461238222e+01,7.024388133693852510e+00
2.313466653346584856e+00,-9.077888103648623641e-01
-4.288765754549882736e+00,-4.583297197500718845e+00
2.856930478434164478e+00,5.207379543997614491e-01
7.017218230871073992e+00,8.602348583873688170e+00
-4.549097631075764703e+00,-4.960984716564064811e+00
3.326121885822489688e+00,-4.174229841797783891e+00
4.851038720103328927e+00,1.011640790348196184e+01
-8.900090113586074381e-01,-9.014576486630412333e+00
3.657905438467456083e+00,1.054508583996667248e+00
2.130398154656792720e+00,-5.572193997250777242e-01
7.125199820349066293e+00,7.983511580009893471e+00
-4.107017690655396791e+00,-6.965059420413750146e+00
4.257567234567489756e+00,1.281342708814552145e+00
4.860002226890028254e+00,-1.893330956791889008e+00
2.597984646598153979e+00,-4.388421618611704211e+00
2.777959234889032292e+00,-1.306726071407541490e+00
7.149292746647114782e+00,9.797750781254755736e+00
5.425275563668574996e+00,7.636683205286741938e+00
5.011246007788489720e+00,8.847069485345945949e+00
5.347377871442415831e+00,8.612864674637982887e+00
5.471317873558534828e+00,6.846238713709475121e+00
1.263047177069841931e+00,-4.375595907766501647e+00
9.282835382981421191e+00,6.852562001470430708e+00
5.030291633303849430e+00,-2.492316315387443915e-01
7.302157014804333102e+00,-8.044317164398132602e-01
3.941721788884793742e+00,4.583596257127044105e+00
-4.340223881851229315e+00,-5.661245892965917292e+00
2.905959534881890516e+00,-6.577478117496231569e-01
8.554174699762466361e+00,8.763464507810150295e+00
2.292399841311460573e+00,-4.906930984190225331e+00
4.273033053331741549e+00,4.228413180658110448e-01
1.009702211824092366e+01,6.999678925776442462e+00
5.115051394447652555e+00,4.140432820062724062e+00
7.405783265796705095e+00,7.916904770097928257e+00
5.977667676793729790e+00,-4.621968038309162141e-01
-2.304563107587066284e+00,-4.716348056611448847e+00
4.610618214279698535e+00,-2.785082492169953738e+00
3.517390826719618779e+00,1.350902004525585287e+00
3.049299877479378029e+00,5.377614532834599004e+00
7.212392244810631681e+00,9.391505190736261000e+00
1.050492839349955299e+00,-5.658868070781776005e+00
-1.392740721420455685e+00,-3.939385095735756792e+00
8.453970757082021059e-01,-4.036515324226813917e+00
6.283812399873323074e+00,1.012416747893900038e+01
5.395865516845945287e+00,5.412446587921121433e-01
2.881475226144943669e+00,2.849305279420514481e+00
4.657819674689894107e+00,2.610192256874212191e+00
2.599964415063816148e+00,-5.558377813673464729e+00
1.564657274081843852e+00,-8.497913152119105362e-01
-3.984582655721933264e+00,-7.178811365954061330e+00
8.220949907741179175e+00,8.819322564335577042e+00
4.459774958298312164e+00,-6.365441774638254113e-01
1.803164788697447563e+00,2.027642800521653577e+00
7.679072355666783700e+00,7.904737266465328815e+00
4.673955602532290143e+00,5.968883778637321669e+00
-3.642813908474617612e+00,-5.930047673573092482e+00
6.529446544950080700e+00,6.164008322601664425e+00
3.298452981049780242e+00,1.031971076132771614e+01
7.220350554537349197e+00,6.899839021774954340e+00
-4.405451306656003929e+00,-6.040273028242987507e+00
4.034454790516472933e+00,1.707453499059260249e+00
2.228081952728008908e+00,3.460500408036760955e+00
7.449085531521095760e+00,8.833023417047540349e+00
5.615510497353052521e+00,-1.251688974314165925e+00
-1.257519782630282634e+00,-7.634637882043500134e+00
1.014801288481961095e+01,7.550226679023514187e+00
6.874465225225518950e+00,8.956021369666441245e+00
3.730521300700095466e+00,-3.378067391879627568e+00
2.639897803754119643e+00,2.336503700400767158e+00
3.071429451535844457e+00,-2.997531099748603101e+00
-2.804860443850551555e+00,-4.375509720453939266e+00
4.091196389430092673e+00,3.576707993014802134e-01
-6.458296236930004319e+00,-5.131090494056825158e+00
9.749700309957709976e+00,-1.210360343679992567e+00
-5.193551163975286933e+00,-4.358545055221734188e+00
4.889569386653158212e+00,9.825425451816519384e+00
5.481795005453480307e+00,-5.007574722244404697e+00
1.928347037450504731e+00,-4.310272105571533174e+00
8.243060930244715534e-01,-5.413146008846854151e+00
9.566176974116635812e-01,7.741443037420868700e-01
6.926892606753860981e+00,6.822047551025699264e+00
6.665614696077069468e+00,1.893627269741371411e+00
5.443891869781512405e+00,1.137169392621606079e+01
6.213796446075239288e+00,8.904152637467847242e+00
1.619246275008258573e+00,-2.961659865873146114e+00
6.632539401563851911e+00,3.212738636215963783e+00
2.239636560215215511e+00,-7.681044226624802462e+00
3.301849393770879271e+00,3.281482237710883876e+00
6.563251281176390783e+00,-5.412732538246824987e-01
-2.188712159219590170e+00,-4.424815303781468145e+00
3.627665702266337444e+00,5.342617789841008324e+00
-4.348717342800760832e+00,-4.455732493067621647e+00
4.487799550918577296e+00,2.114476326363040892e-01
3.347044010075704179e+00,-3.505864029031284801e-01
1.312869685343912796e+00,-6.862374102659015485e+00
-2.465547739300905317e+00,-6.271798738628274528e+00
7.964578154718687131e+00,7.854680516143539570e+00
6.462270637291193331e+00,8.803321067513934395e+00
9.635222109024644155e+00,5.375343146229891289e+00
1.662269174155220686e+00,-6.041613466082717210e+00
3.240577306270183477e+00,7.392046645170703423e-01
4.736905125926959670e+00,-3.422537474751774500e-01
5.893498727157521877e+00,-6.073804829500000224e-01
-8.765419723918517647e+00,-7.055472606610805997e+00
8.811515108888956505e+00,6.993979281889548538e+00
-3.130928103597627299e+00,-7.501535805667490564e+00
-2.964396846374972139e+00,-2.659592912832094758e+00
-2.369292524476625417e+00,-3.738032057512215900e+00
6.734561272243325014e+00,7.761087786429889945e+00
5.878542044219390306e+00,-5.390519093867794931e-01
2.216085189980012693e+00,-4.455466294049198694e+00
2.515258325003223661e+00,-9.557588198573885307e+00
5.900004828834477522e+00,7.826085167352976768e+00
5.589245304702826544e+00,-8.690390572135178182e-01
2.448783329840408918e+00,-9.278995885950265254e-01
2.060477443716262069e+00,9.003693667308376725e-01
3.148946664528323058e+00,-1.149738812625628270e+00
1.519961967366043165e+00,-5.343684228012558712e+00
5.698587268160197894e-01,1.192884927292755748e+00
-2.712670163505511489e+00,-3.576384146929267871e+00
-2.109088124113128959e+00,-3.872547459268191439e+00
8.234794360552267989e+00,7.713875511334631341e+00
1.359416533498776447e+00,-7.158904048401309339e+00
-2.352352059957545816e+00,-9.638679795527082206e+00
2.682511019125352725e+00,-6.518392231887895072e+00
4.654172557469496319e+00,2.646425058467961056e-01
4.027400885581259971e+00,6.017493492406447153e+00
5.755384012246344660e+00,9.898980488776620845e+00
-5.821373694386686726e-01,-6.800320950746666426e+00
3.027945577378120756e+00,-7.798046879391957731e+00
-3.501546628336826839e-01,-5.773753496678277308e+00
-4.246153050863421541e+00,-4.568605314829190966e+00
-7.055580926073831805e+00,-3.811925028839978857e+00
4.538158646522546746e+00,-1.525157112639610624e+00
3.203876885996912449e+00,7.859322430288067984e+00
7.536521862543663630e+00,9.167767912933154406e+00
4.313493599518563926e+00,7.831591066508818422e+00
4.753862438374399702e+00,1.899356340979967417e+00
9.075418228578824298e+00,8.317065125677206794e+00
4.485618235410486321e+00,-2.517366519339552244e-01
4.920806735627432538e+00,-9.898523645355258305e-01
5.299157522615452365e+00,6.824760398279023477e+00
4.401371633989507259e+00,3.104736865704615045e+00
7.569217111559641609e+00,9.732521812340783285e+00
6.375062474764130016e+00,1.000409565715648696e+01
6.482707718440346767e+00,6.981023851425128823e-01
5.600553566952923834e-01,-3.443489849166125438e+00
-4.186022648207220698e+00,-3.902429673954070921e+00
6.154597244238552811e+00,1.043795679180505154e+01
5.097473779657406112e+00,1.028663578398456657e+01
7.129610350196673441e-01,-6.026069395325300171e+00
2.483936100786536372e+00,-5.181346744527752790e-01
-4.758969482183231570e+00,-5.436223709153598094e+00
-3.691307265176315244e+00,-3.243914238966111974e+00
1.048103437192016862e+01,6.017309725482862248e+00
5.747976433586241995e+00,-1.847369942609853766e+00
1.641739253080172212e+00,-4.600753803188078805e+00
5.907496120764772485e+00,8.185383581901506389e+00
5.841608701741593634e+00,1.059546907558603657e+01
-7.555894650454563433e+00,-5.565726896707839266e+00
-4.138680685614317234e+00,-6.078375687839917774e+00
8.079041339767725205e+00,8.408067061500243966e+00
-2.629528227920777006e+00,-6.446433211188004719e+00
8.104317095307926877e+00,9.228092723942866726e+00
-3.273339531958101123e+00,-4.321816441713572488e+00
3.060181416405629573e+00,-1.836744094054134635e-01
-1.300632758604355121e+00,-7.332915007321691547e+00
4.422118351960032889e+00,6.592267907480793276e+00
4.794109483752763801e+00,-8.455756918050303383e-01
4.600819531365726966e+00,-1.386654381756102339e+00
5.734874646389810593e+00,1.071332894808578473e+01
5.159279878503792105e+00,-1.261460982154175348e+00
7.581437225459879414e+00,5.761208070500221545e+00
3.382509568394228783e+00,7.595504896333039824e+00
-1.881237364974270854e+00,-2.395599891397079961e+00
7.058354836026885515e+00,7.044668293354392041e+00
5.632975946541185941e+00,3.891316071870953408e+00
-3.329699284934140469e+00,-3.428115668409967398e+00
7.969887974035891887e-01,-3.779333573944041458e+00
8.010347743772042506e+00,6.917062336942986889e+00
3.206726694265267685e+00,-5.453722588224317214e+00
6.125796277863280181e-01,-6.850892055646085055e+00
3.972500047998997363e+00,1.094049503537102064e+00
5.108881823929303678e+00,8.108957847831990140e-01
4.342387460129836896e+00,8.420258108897588301e+00
8.021930255253286290e+00,8.860630074122896715e+00
-2.149632058254367095e+00,-3.444964339046955981e+00
-6.907535725745899136e+00,-3.082508250152388385e+00
-3.346347478385376384e-01,-1.828038059799325321e+00
1.047452545775596278e+01,7.774702282122483155e+00
-4.107010850076731057e-01,-6.793105210062001298e+00
9.997315181691297070e+00,7.311786963685694474e+00
-1.099471158932707748e-01,-6.201021607713077977e+00
3.555194142497767995e+00,-5.566201113118402155e+00
1.294343955579795313e-01,-5.542844111695401033e+00
2.439367863733263420e+00,6.447640255713301904e+00
3.658309846583991387e+00,9.241593731024275726e+00
6.876982649517644930e+00,3.017800032269470467e+00
9.130342723734880650e+00,6.737540917587933720e+00
-3.752924805442998668e+00,-4.110156659759200970e+00
8.065327252871256292e+00,3.530079121654894347e-01
-1.226445276004803020e+00,-3.968487766499385394e+00
7.034586080983046941e+00,6.153208100295856298e+00
5.182153535362917118e+00,-4.495717104062794789e+00
2.179625444026483949e-01,-8.617158956264317382e+00
-1.734522131639626430e-02,-6.721812520669267599e+00
4.251976994560240364e+00,-3.854137789444482265e-01
4.172033024711891080e+00,4.011304409705609975e-01
1.005827192532884773e+00,9.534818091296063391e-01
2.236641779820728981e+00,-4.711117382453901214e+00
8.689026345610539881e-01,-4.972683058629527864e+00
-1.295542984191694558e+00,-6.053742617435197815e+00
7.966184099199288049e+00,7.587803161633644322e+00
-2.438520118450804297e+00,-7.239584045039034521e+00
9.802701258206418800e-01,1.759453910522628339e+00
-1.461648009323011088e+00,-6.508824750997420416e+00
2.715163395231119381e+00,3.106780019947166238e+00
6.217297625238860093e+00,8.614481238955475462e+00
4.051910969468168311e+00,1.531091514934534714e-01
3.250693751610806981e+00,-1.376131102733511469e+00
5.938924816529652873e+00,1.520744255202137962e+00
-3.665635431241664133e+00,-6.241291768706236809e+00
4.928156471727894505e+00,7.260704530273036639e+00
5.520774024390804335e+00,2.446454856824511914e+00
-5.959665224455100940e+00,-5.615905525174573754e+00
1.110106091962345332e+00,-5.311492765682729988e+00
3.789905664319929368e+00,8.773534942310041274e+00
4.504953092329803788e+00,-1.050224657849275323e+00
5.505465245916934869e+00,-2.026389574108147240e+00
-8.900159202758382015e-01,-5.103493947197196512e+00
7.358318279095570347e+00,2.255249685969682172e-01
1.004839830500780096e+01,7.470407561773122040e+00
-4.222364967072267383e+00,-3.400028590984591759e+00
-4.732737081494827081e+00,-5.408352142952996822e+00
8.317662163500827432e-01,-6.451368911041676313e+00
5.237971629174145605e+00,1.051630053729575742e+01
6.546202828384601879e+00,-1.093732927871682081e+00
4.045937850679349523e+00,9.224389525071433837e+00
2.737797965533421696e+00,-1.575363357624866234e+00
-1.337174230417401688e+00,-4.249020576799158455e+00
2.222968161219031291e+00,6.613693734592280826e-01
3.843165798346758866e+00,-2.685681113689659671e-01
2.963592755502149068e-01,-5.626621270437152766e+00
4.811988523695769793e+00,1.226233800952820641e+00
1.273108054532678057e+00,-4.298944117337452298e+00
7.909186444630181834e-01,-3.349067069791452411e+00
-4.116826633097627308e+00,-5.559974598981181515e+00
3.919679155302717710e+00,8.514607452529026066e-01
-9.828981758895041221e-01,-5.517032126122508373e+00
4.179256105383821307e+00,1.087697024512871913e+01
1.540473068162096837e+00,2.461362105385045851e+00
6.378818944444970995e+00,-1.856418268755680279e+00
-5.161010743667888256e+00,-4.365403642630806047e+00
-2.809643403150435592e+00,-2.479113181725289827e+00
3.389271650723224560e+00,4.721991328614323358e+00
2.815515458221699685e+00,8.985110805665231126e+00
6.559976879836303176e+00,2.006553793831467036e-01
-5.597730476555497603e+00,-8.014546787580613341e+00
7.777890741456977786e+00,5.574848561281122272e+00
4.376952693406721551e+00,7.425368640931183428e+00
-6.945992423999265419e-01,-7.349177427370053195e+00
4.092576505899596206e+00,-6.950264586243486420e-01
2.351178004547164191e-01,-6.692876795220830566e+00
7.253244155165207374e+00,7.183390769145156618e+00
2.698512939933446209e+00,2.005362540657489756e+00
1.500071791964117995e+00,-6.674126984100752225e-01
4.924483850094081738e+00,8.780539861982992633e+00
4.362360450691916469e+00,6.211719411421379178e+00
9.565198628945555726e+00,9.524599434467678094e+00
4.691954679955843588e+00,6.851198483507719317e+00
4.104692869038225389e+00,-4.653771206941534344e-01
2.729622200382478159e+00,1.531873145954076421e+00
4.815930876856793219e+00,-6.846942755277859449e-01
7.500796789488639149e+00,9.629772504240886377e+00
6.373741467433521102e+00,8.107085676021785758e-01
1.256760600144243512e+01,6.880798095077172327e+00
4.969741689469848289e+00,-4.431530709384043920e-01
2.253999093398009634e+00,3.440613102522186662e+00
-3.432620309550390658e+00,-5.722087948400074175e+00
8.149519377799093078e+00,7.384892576940743858e+00
1.747901498259111674e+00,1.191609638154426110e+00
9.522811929155967192e+00,7.762226446133458246e+00
-5.559133616435296688e-02,-5.908474603881975540e+00
9.112859801059236542e-01,-3.750230453368327499e+00
9.264700281640196877e+00,4.414325011690660716e+00
4.025894587512896194e+00,-8.541179739230018164e-01
4.843352763620777601e+00,7.042136000205230673e+00
-6.360019297295639973e+00,-7.441073070817106228e+00
2.557540129462791967e-01,-4.795306062934888480e+00
3.004386546841188999e+00,-4.429443601549869491e+00
8.823615083916392932e-01,-6.097025538340544060e+00
6.736543751030405147e+00,2.402755606013409206e+00
1.328254605020527057e+00,-6.762264702617757806e+00
-3.359212296465608372e+00,-6.505733457433131584e+00
7.212160529036711232e+00,7.123230380616131896e+00
3.591843691609302613e+00,1.463685434083878523e+00
3.996572286267354279e+00,5.011522303892972374e-01
-6.310819796030253670e-02,-5.479463037466691055e+00
7.960053365649934598e+00,7.674662422569594966e+00
5.351886890872144420e+00,7.600495182587447829e+00
4.085431859851030190e+00,1.516946867642939845e+00
9.554211059392279992e+00,7.664742169937523109e+00
4.550273175899148370e+00,7.969481021640089757e+00
4.072764158818502622e+00,-4.843517895829341779e-01
2.774940032371452592e+00,1.052941267542048198e+00
-3.941300442608453913e+00,-4.643992657351525111e+00
4.659560174056761817e+00,-4.356711654486032259e+00
4.550388846046184099e+00,1.049041333785482699e+00
6.962582216766987742e+00,7.118415970882620236e+00
-1.093766075623088252e+00,-6.758850764323676152e+00
-4.616192531755945794e+00,-5.462752564407175271e+00
4.708012725999370929e+00,-1.944058547474893039e+00
5.768373651621059750e+00,8.610030823004546363e+00
3.258500052431169802e+00,-6.561512540093431767e+00
4.948019300828936373e+00,2.027505031330960328e-01
2.140963952837370066e+00,-3.151038999105057137e+00
5.050816470188412843e+00,2.035420029563770772e+00
-3.260098829703321321e+00,-4.566566859007873624e+00
2.405611452470586720e+00,2.179662856699690732e+00
6.122645503695006930e+00,8.714234030821488730e+00
7.658245981961838034e+00,9.221637618516151491e+00
4.698080240297303867e+00,5.653057781785219227e+00
4.863157219591606406e+00,-4.479693201365712030e-01
8.874526772329515367e+00,9.250895282795069008e+00
2.369651336779406314e+00,2.878441645935591708e+00
1.557482364386622020e+00,-3.052540735229442248e+00
-4.176420252982415704e+00,-4.415667931999761819e+00
2.047781511910050867e+00,1.063465999714251264e+00
6.746285572303156286e+00,6.861366551224781674e+00
1.713380279290866115e+00,-6.522469302594795515e+00
5.549164885890065513e+00,-6.399445438236481820e-01
4.940247522903931099e+00,7.943036289620340362e+00
4.358161099374927794e+00,2.779898146490534572e+00
4.637907329833873327e+00,-8.252108330405008019e-01
4.595799853843852922e+00,1.201237124969441572e+00
6.071648593597283039e-01,-1.535585162843715601e-01
4.237758568320877828e+00,1.244340819075698601e+00
-3.714783687535936796e+00,-6.139291612393272146e+00
7.167472278416668452e+00,5.017369619564172822e+00
5.155423981299424696e+00,3.462355015661600088e+00
-3.031176115032416796e+00,-6.374987084796363668e+00
-4.150096028184948160e+00,-5.101482162158867517e+00
3.518599110216012793e+00,7.359778546628154006e-01
4.856744247070080789e+00,6.986352138580611104e+00
-4.279983993363418726e+00,-5.040438597928602604e+00
-2.738403262776210934e+00,-2.915666386962689316e+00
-4.413748227451854689e+00,-5.970719701097381815e+00
-3.843506728376224313e+00,-4.471604459260928977e+00
8.926991211350683741e+00,7.602189141702904607e+00
4.170999289838160706e+00,8.089464849328109608e+00
-4.696880239980369076e+00,-4.147015677766166419e+00
-2.143751465812357537e+00,-4.448716333502142461e+00
-2.481519994344757674e+00,-4.106374751816630919e+00
7.703435794741483988e+00,1.016914389453947010e+01
6.114514633666219723e+00,-3.826485295540160148e-01
7.813381816546932868e+00,7.692212683223932146e+00
4.182798359786015219e+00,9.136795873114959221e+00
6.450620342531219187e-01,-5.876539183569427394e+00
4.443405866802319970e+00,9.196357559261725712e+00
6.410967552679164072e+00,2.496580681688624903e+00
1.790675836982146052e+00,1.295232814498439300e+00
4.489505212600496620e+00,1.034282188364947785e+01
5.655775383718324001e+00,1.887512823350580238e+00
9.232329230542568155e+00,9.614665007321512746e+00
-2.867091560001008510e+00,-6.277108530701585920e+00
6.743158510965372443e+00,9.113587170531438630e+00
3.408091432197290160e+00,-9.867926848144803476e-01
9.606561350037724267e+00,8.684951837160717503e+00
4.183635344735513684e+00,2.161720219150767175e+00
7.361401083325133321e+00,1.095596042951531324e+01
2.203435315685860818e+00,-4.021793962880076734e+00
4.414842791048118720e+00,-7.921224437032341470e-01
9.221834550627081128e+00,6.700008823977103845e+00
6.354203874464195323e+00,9.718944447731209246e-01
4.621489585178455428e+00,-1.416326344313887819e+00
8.292374672122084789e+00,5.371533931179952148e+00
3.660770853243472622e+00,-2.168266339242894691e+00
3.913386718400434283e+00,1.561603771484866510e+00
5.886368897810825729e+00,-3.859741806306984380e-01
-5.520166562420222967e+00,-4.571578411179656243e+00
-1.391303819233618011e-01,-6.487834379627055448e+00
3.217507187869052210e+00,-5.095277861206573000e-01
2.611883447696003557e+00,1.477854168335792640e-01
8.147971268009946755e+00,5.691016078659593802e+00
-5.047252692888639203e+00,-3.153296463868121347e+00
9.906998053078519106e+00,6.850608030842837870e+00
9.823052696701749298e+00,8.141395842535967375e+00
2.377571910547779943e+00,-4.036400552294776567e-01
7.486887454137808540e+00,7.946624893441993187e+00
1.073352421816155022e+01,8.893650366226035331e+00
4.042557025452016006e+00,-8.638729162205903700e-01
4.912077769533967242e+00,-8.649344667905478623e-02
2.310908453561848930e+00,-3.327363600428973278e+00
3.739964499530900710e+00,-2.310409525415257626e-01
7.671097051631966757e+00,8.388288759780756720e+00
4.987097082183567509e-01,-6.768135036187906906e+00
6.334203814763342599e+00,7.305637321602598711e+00
6.961088443869486220e+00,-1.350563932613819240e+00
4.550862912665866844e+00,2.525199073772937730e+00
3.468673890296869011e+00,8.891694623817139043e-01
7.022231887698719532e+00,1.514306317052671602e+00
-5.615862894219640467e+00,-3.348166423639415967e+00
4.640341504138308260e+00,7.651335733127925032e+00
7.647240174794466938e+00,9.916795396299335152e+00
4.379105598488129303e+00,7.622696291792749435e+00
3.983029372166180249e-02,-6.922870060444988205e+00
3.674503508151465869e+00,1.813036634978499206e+00
9.465656488156476200e+00,7.234569197818382591e+00
3.957214041991444109e+00,-8.400361990456692851e-01
2.425517663854633188e+00,2.562905166338748764e+00
-4.183023231427037913e+00,-1.690227743695476903e+00
8.731164621439740259e+00,7.466506832393440263e+00
8.608131601818090672e+00,6.630692933449321202e+00
-6.660736134565228284e+00,-6.230332776748085166e+00
2.385106018551804929e+00,2.192440633309359121e+00
5.832959019281609869e+00,8.128435356838510373e+00
-3.982422891096480733e+00,-4.486151587044985511e+00
2.057113206247819903e+00,7.554164193519833370e-01
9.827348718552034512e+00,9.147376060574108791e+00
5.921408929951098798e+00,2.280902348873606877e-01
2.500412788567207834e+00,2.237097688045410759e+00
3.157756968038681222e+00,6.843681127284015453e+00
1.035656719870285691e+01,8.244177942504636647e+00
4.195245814829595687e+00,8.811173028627143466e+00
3.086201788221107911e+00,1.036542682442389340e+00
4.584850545372996855e+00,8.494843128400921373e+00
6.387216702576823835e+00,2.188764664206313437e+00
5.452870878962726486e+00,3.303086671269671371e+00
8.398511628253647388e+00,9.038864939452514236e+00
2.852703023836073548e+00,2.099715150506094474e+00
1.038072256251166081e+01,9.682738370588211296e+00
-4.469308802626471788e+00,-7.677312843671895592e+00
1.057005861647020151e+00,-5.759154982615559248e+00
1.099242773668850504e+01,7.956539093140097663e+00
1.160895014440527717e+01,6.893640680660626963e+00
4.533142907588873172e+00,-2.654115973331633072e+00
9.377204733077610044e+00,4.424917949394863825e+00
2.505031323190806347e+00,9.054376158510420325e+00
6.787528837300637718e+00,8.541339684274584343e+00
4.579602482036246869e+00,-1.189376868295556333e+00
-5.756041311112611858e+00,-6.369747491343821899e+00
-2.449824293415315601e+00,-7.029057524649909183e+00
4.528308070254276174e+00,5.057978265786933214e+00
2.998416925128516208e+00,2.926251248118990400e+00
-2.957144925885446085e+00,-7.540597397822319969e+00
4.627594924687143063e+00,3.716645623559953648e+00
4.075046950974463122e+00,-1.693396297286752894e+00
5.136593166147292777e+00,-7.431499666792988457e+00
2.785673879894436489e+00,4.077597051979491738e+00
1.888500297443742149e+00,-7.804204061665794612e+00
-2.799104866569195771e+00,-5.259329662542359785e+00
-1.067069780483727026e+00,-5.144727018858490375e+00
3.573772739147980548e+00,1.320669904276085438e+00
7.653893163042226000e+00,6.362483100145416515e+00
7.899456582856601017e+00,8.944702518786113998e+00
-1.454504898183553774e+00,-9.210781952457253396e+00
1.928258385687946053e+00,1.012448497170015571e+01
8.225327910374534923e+00,8.094368548236353433e+00
-1.122549013370752302e+00,-5.909161102949890498e+00
2.904163493040310406e+00,-5.027709231854124994e+00
4.946408704766448672e+00,-1.110973019321450206e+00
-1.907414918261287617e+00,-4.782587455219789341e+00
7.163042459762666070e+00,-3.338511362135299088e-01
1.006664678194193385e+01,3.196516953326979937e+00
4.153642366882108306e+00,3.564284863088353905e-01
5.895186460796100647e+00,1.022381729420427909e+01
-2.250336667327458073e+00,-2.798320710874814488e+00
7.089871668246702008e+00,6.700651391289988545e+00
7.166324084448689291e+00,1.105487443940292458e+01
1.017814137762487725e+01,7.862745751374673908e+00
-3.112949055604889104e+00,-3.537994615157758371e+00
8.710058956539095121e+00,7.189974993060374686e+00
8.731897772990706130e+00,7.590627109654283444e+00
8.132880809600807837e+00,6.736732883218103041e+00
5.014877026176204566e+00,-2.323304038754673950e+00
3.226945068053691301e+00,1.256933299573426144e+00
7.499959842670849142e+00,9.884599522879604194e+00
9.224364390188181773e+00,6.026973017020386791e+00
9.361221724385083931e+00,6.104445699437093253e+00
3.780390637946051235e+00,6.194368654689927922e+00
-2.568687570745472826e+00,-6.997734343743813312e+00
6.790423408245819914e+00,1.114477648937003451e+01
8.225759352032653737e+00,7.398404481551478895e+00
6.045121675322411292e+00,1.907684231607337938e-02
-3.606402978846944940e+00,-8.234424560963622852e+00
1.510045424034160755e+00,-4.882363235398711865e+00
4.961683729655578468e+00,-3.037873461608623149e+00
1.477881403472262711e+00,-5.700352326768639344e+00
8.620759487115885022e+00,6.755965479995134082e+00
-6.350997721847955191e+00,-3.073632358262338826e+00
-3.622489843868977211e+00,-6.433603560076813110e+00
-1.473207608390936230e+00,-7.524050291929032852e+00
1.841074374818255421e+00,-4.201232915570232151e+00
1.920717885491606935e+00,6.443882184453385564e-01
2.965205155946622817e+00,-1.393350894230910519e+00
3.741892059889808220e+00,1.876240642641672451e+00
1.761757162392251441e+00,-5.780215652256741166e+00
1.934957742346070653e+00,-1.365049704355013160e+00
2.354379606099341604e+00,-2.159808937837956133e+00
7.000789184945357846e+00,7.393128126091321306e+00
3.850921210145157314e+00,1.440843489500442276e+00
1.029253892527778724e+01,6.536474647508439872e+00
4.928150908662700225e+00,2.104479428006834407e+00
3.151807877577022854e+00,1.859109964771028523e+00
7.094509819855229438e+00,-1.374527675419626060e+00
5.286717931787290325e+00,2.235734103014654028e+00
-1.792160504907827967e+00,-5.476942824183341330e+00
-4.597732293705973916e+00,-5.642994072796073013e+00
4.178444572506939458e+00,1.158344193887979268e+00
-1.049054268105087839e+00,-3.486452370542676871e+00
2.384231032624345437e-01,-6.796227990790702833e+00
7.578058239369320326e+00,9.491418795226945093e+00
1.587725653220868338e+00,-3.506432432564155377e+00
-3.611138468917840960e+00,-3.648995633658892679e+00
-2.285439508075996606e+00,-3.410057646716956548e+00
3.714158057865579732e-02,-6.748006532640716593e+00
-5.839734692777764025e+00,-8.676755206812039489e+00
-4.897529421681265482e+00,-4.167695117247428804e+00
8.096218423263641384e+00,4.440085452934855681e+00
2.700467516209418939e+00,-7.281092458785881627e-01
-3.793812112454315599e+00,-6.164354226809043880e+00
5.872221544582223451e+00,1.224727729853066194e+01
3.921845573156580222e+00,1.715132334559231531e+00
6.103115214549443834e+00,3.663496921088581271e+00
4.765383078687315255e+00,3.107744588835901350e-02
5.294141398342103066e+00,5.127538334909147011e+00
4.960692032668348794e+00,1.662194602933884768e+00
-2.177412350417708975e-01,-3.804207923801426805e+00
-1.863309255576202084e-01,-4.298432924708838421e+00
7.823251339553823236e+00,4.991333255668827462e+00
-3.084440187049873217e+00,-4.585096110168953132e+00
-5.468769759231353333e+00,-4.528820353441202151e+00
5.635210039062041432e+00,-2.291193370029229293e+00
-4.616476334384969960e+00,-5.777809899630004686e+00
-5.653816258951425588e+00,-2.465566364335392890e+00
9.090984323127678124e+00,8.319577793500847918e+00
5.969161530568266372e+00,8.877761302395445142e+00
-5.616438634423088772e-01,-6.286802838257876225e+00
-3.703543305389302986e-01,-6.835795905708468290e+00
7.581220459206508444e+00,7.446147491057526935e+00
7.504468482902833415e+00,-1.637554144738706252e-01
6.162653730098240246e+00,7.301737668480519972e+00
-6.396427278837060193e+00,-6.196431794959470274e+00
5.408832473952275954e+00,8.019403366237899178e+00
1.758972467948295204e+00,-1.395468598402433313e+00
4.930868106191553579e+00,-9.103261232132825453e-01
9.591524380233188651e+00,8.892604019491836098e+00
6.166069974540797638e+00,-3.519565605441361544e-01
8.219187750806492332e+00,7.241458296036237030e+00
6.107860659414564353e+00,6.226388053566901171e+00
3.507067687465233341e+00,6.938126200403619492e+00
2.766445889167956196e+00,5.147369669105672507e-01
3.866583450774870645e+00,2.128240329982061585e+00
3.823788646076920372e+00,1.020014681614956586e+01
-7.194807708975015537e+00,-6.263237892896976966e+00
-6.568091890516747355e+00,-2.411180505898534498e+00
8.390256727593161656e+00,6.268743440087797048e+00
4.799101676479406997e+00,4.120637150672578075e-01
2.723064824658472105e+00,1.589620570646631759e+00
-5.714663741289323085e-01,-8.318329351696570839e+00
2.105305428286028402e-01,-1.541139860942471351e+00
4.016342556367934691e+00,9.542309909454298023e+00
4.829377045273579583e+00,6.853167143152909091e+00
-2.261956836935548054e-01,1.470419633900339695e+00
-3.622756691161792553e+00,-3.636607981939516954e+00
9.856079688524095772e+00,6.192387167386858238e+00
3.827035856806871639e+00,-2.803435975707813665e-01
5.049098849144669998e+00,9.271920092843640715e-01
8.545341802834753864e+00,7.179628933145019154e+00
2.011742356794262498e+00,-6.053566177339151366e+00
5.619380895374598062e+00,8.170710768046321348e+00
4.869747581367095179e+00,8.357113464857258700e-01
5.735192486696445435e+00,6.770179175898099366e+00
3.528972149684967974e+00,-5.435833504147320028e+00
-3.856890469274583566e+00,-4.043854152023441451e+00
3.514940961921543483e+00,7.085428876053643243e+00
1.992081622861280543e+00,8.313765282352820307e+00
3.386088487806324210e+00,-7.309311647691753011e-01
7.506494579656557420e+00,7.490214736060577749e+00
9.136377078265727647e+00,8.851636448193673345e+00
8.330653074863086260e+00,8.891435720932788556e+00
-4.058812316655286523e+00,-2.683363673094846025e+00
2.981080119323468836e+00,2.001705382740532002e+00
6.236478770030422503e+00,7.476096859233675396e+00
-1.412589996993924846e+00,-6.348236587363487615e+00
3.598922682584807298e+00,3.267949189942457533e+00
3.296467739560155152e+00,3.545556500165958802e+00
1.029757254945079126e+01,7.344953967208899925e+00
2.473713933051250535e+00,4.201999040143222786e-01
3.238870878822884158e+00,-6.130531299590033179e+00
1.990789738065841918e+00,-3.225659951203867504e+00
-1.057732411588302668e+00,-6.698731892002937727e+00
3.257914926050347049e+00,9.402006060801689769e-01
7.822989474133349219e+00,7.877707667792864576e+00
6.249746559607435969e+00,-3.458277078970634300e+00
-4.763069206579682024e+00,-6.409845684456565884e+00
3.717450302209427626e+00,2.486510970667701326e-01
5.772353692760267663e+00,5.167413376709250272e+00
3.512630514802484338e+00,5.333565246293983542e+00
8.158298912083134624e+00,5.409371262822180171e+00
-1.683272649216460692e-01,-6.243272379903990199e+00
-2.488811748308941141e+00,-4.851351802010829495e+00
5.986287869458960742e+00,3.899374415849322650e-01
-4.719562997762286827e+00,-2.671423071160526241e+00
4.386935203522749127e+00,-1.840571477754377572e+00
2.357878201232559867e+00,1.275446761329783740e+00
9.216095525900943386e+00,6.309672981969224992e+00
-5.595142921312067585e+00,-6.865087526503150350e+00
-2.585479656742035282e+00,-3.284482804914194087e+00
8.064909431104244630e-01,-6.242417954720214546e+00
7.148454165897135670e-01,-4.745488287064530297e+00
3.184204915746033926e+00,6.863784155585726410e+00
7.813094400881232637e+00,6.312089837198087139e+00
4.261545773926171066e+00,1.089054008887653691e+00
3.484290180989728647e+00,1.832804578069411994e+00
-3.427238755222464128e+00,-5.393711621552860436e+00
-6.013584942745962891e+00,-6.258628180656612194e+00
4.685950805216718251e+00,4.888680412485273408e-01
2.115434706121170017e+00,-5.549860089260056917e+00
7.791710813931543633e+00,9.482789816621117751e+00
4.861156212750568528e+00,2.251348075225780843e-01
3.952410674723013884e+00,-1.051201781073487718e+00
5.603966283976766327e+00,9.707737917361336955e+00
-6.422903667699248587e+00,-7.124185877454971560e+00
5.910610660651434145e+00,-8.188123770963516845e-01
5.521242998111432598e+00,7.217708754775107316e+00
5.734997702050336876e+00,8.805791956663105990e-01
6.173932348256631286e+00,7.047174774980735634e+00
5.756767078834592155e+00,7.167524167843288829e+00
2.420800503467025244e+00,-5.649338077168836847e+00
2.568045313770941362e+00,-5.907290288725241645e+00
2.598354341110373333e+00,-4.796072708546076924e-01
-4.931898140747588144e-01,-1.333190024994121980e+00
-1.407425705254958803e-01,-5.729921546786191477e+00
5.444265762944304754e+00,1.217600837914646306e+01
1.030596106903912457e+00,7.986312240912348592e+00
9.440445511217735231e+00,7.828024565041732608e+00
4.423937050157318751e+00,1.071985793593530412e+00
7.054423812489648782e+00,7.521648741149824069e+00
2.244263993692120707e+00,2.147391988349069525e+00
2.640951815518159940e+00,3.597026067192052867e+00
-4.182882864139968682e+00,-5.030963417159625806e+00
4.645651130388023020e+00,1.367424367680698971e+00
9.383261233749093932e+00,8.897784407986927491e+00
3.758812786939438322e+00,2.807653958747362566e+00
6.714748922795860109e-01,-5.063419405283529962e+00
8.894571271043343330e+00,7.649957891293292178e+00
5.547738377526560960e+00,9.814610318205325257e+00
1.064974705145294998e+01,6.231082716052991799e+00
6.042027281094812352e+00,-2.438854611674381889e+00
3.489160351414061001e+00,-2.664907910985587325e+00
9.879454782379866629e+00,1.007219774476855001e+01
-3.695911606609560973e+00,-5.959929101084849634e+00
8.875989611137596214e+00,8.294434102460291669e+00
-3.162844179070217532e+00,-5.854085733700921779e+00
-1.970345060658088787e+00,-8.846515221409738672e+00
9.462314488348782859e+00,6.754875954319113696e+00
-1.898497693598114378e+00,-4.067934699044813307e+00
-5.458222353992849385e+00,-3.099699312677932195e+00
6.796767613402295183e+00,6.238867997755716210e+00
4.132248650977266458e+00,-5.186609559868204933e-01
6.765712358008258320e+00,8.644244951986777892e+00
7.516400403254573703e+00,6.752738383035421066e+00
1.221055030400238106e+00,-6.761205575022374958e+00
7.106384833476962370e+00,2.178253013099939572e+00
4.980247577908070156e-01,-4.588274862376486851e+00
